Product Id,Product Handle,Product Title,Product Subtitle,Product Description,Product Status,Product Thumbnail,Product Weight,Product Length,Product Width,Product Height,Product HS Code,Product Origin Country,Product MID Code,Product Material,Shipping Profile Id,Product Sales Channel 1,Product Collection Id,Product Type Id,Product Tag 1,Product Discountable,Product External Id,Variant Id,Variant Title,Variant SKU,Variant Barcode,Variant Allow Backorder,Variant Manage Inventory,Variant Weight,Variant Length,Variant Width,Variant Height,Variant HS Code,Variant Origin Country,Variant MID Code,Variant Material,Variant Price EUR,Variant Price USD,Variant Price INR,Variant Price AED,Variant Option 1 Name,Variant Option 1 Value,Product Image 1 Url,Product Image 2 Url
,summer-beats-festival-2026,Summer Beats Festival 2026,Open-Air Music Experience,Three days of non-stop music across 5 open-air stages. Your digital pass is a collectible festival NFT.,published,https://images.unsplash.com/photo-1540575467063-178a50c2df87?w=800&q=80,0,,,,,,,,,,pcol_selfkart_ticket_live-entertainment,ptyp_selfkart_ticket_music-festivals,ticket-live-entertainment,TRUE,,,General Admission,SBEATS-GA,,FALSE,TRUE,0,,,,,,,,25,29,2250,106,Tier,General Admission,https://images.unsplash.com/photo-1540575467063-178a50c2df87?w=800&q=80,https://images.unsplash.com/photo-1506157786151-b8491531f063?w=800&q=80
,summer-beats-festival-2026,Summer Beats Festival 2026,Open-Air Music Experience,Three days of non-stop music across 5 open-air stages. Your digital pass is a collectible festival NFT.,published,https://images.unsplash.com/photo-1540575467063-178a50c2df87?w=800&q=80,0,,,,,,,,,,pcol_selfkart_ticket_live-entertainment,ptyp_selfkart_ticket_music-festivals,ticket-live-entertainment,TRUE,,,VIP Access,SBEATS-VIP,,FALSE,TRUE,0,,,,,,,,89,99,8010,363,Tier,VIP Access,https://images.unsplash.com/photo-1540575467063-178a50c2df87?w=800&q=80,https://images.unsplash.com/photo-1506157786151-b8491531f063?w=800&q=80
,jazz-under-stars,Jazz Under the Stars,An Evening of Live Jazz,Sip cocktails under the open sky while world-class jazz musicians perform classics and originals.,published,https://images.unsplash.com/photo-1506157786151-b8491531f063?w=800&q=80,0,,,,,,,,,,pcol_selfkart_ticket_live-entertainment,ptyp_selfkart_ticket_concerts,ticket-live-entertainment,TRUE,,,General Admission,JAZZ-GA,,FALSE,TRUE,0,,,,,,,,19,22,1710,81,Tier,General Admission,https://images.unsplash.com/photo-1506157786151-b8491531f063?w=800&q=80,https://images.unsplash.com/photo-1540575467063-178a50c2df87?w=800&q=80
,jazz-under-stars,Jazz Under the Stars,An Evening of Live Jazz,Sip cocktails under the open sky while world-class jazz musicians perform classics and originals.,published,https://images.unsplash.com/photo-1506157786151-b8491531f063?w=800&q=80,0,,,,,,,,,,pcol_selfkart_ticket_live-entertainment,ptyp_selfkart_ticket_concerts,ticket-live-entertainment,TRUE,,,VIP Access,JAZZ-VIP,,FALSE,TRUE,0,,,,,,,,59,69,5310,253,Tier,VIP Access,https://images.unsplash.com/photo-1506157786151-b8491531f063?w=800&q=80,https://images.unsplash.com/photo-1540575467063-178a50c2df87?w=800&q=80
,electronic-night-vol1,Electronic Music Night Vol.1,Underground Rave Experience,Lose yourself in pulsing beats from top electronic artists across 3 rooms. Limited to 500 attendees.,published,https://images.unsplash.com/photo-1540575467063-178a50c2df87?w=800&q=80,0,,,,,,,,,,pcol_selfkart_ticket_live-entertainment,ptyp_selfkart_ticket_concerts,ticket-live-entertainment,TRUE,,,General Admission,EDM-GA,,FALSE,TRUE,0,,,,,,,,15,18,1350,66,Tier,General Admission,https://images.unsplash.com/photo-1540575467063-178a50c2df87?w=800&q=80,https://images.unsplash.com/photo-1506157786151-b8491531f063?w=800&q=80
,electronic-night-vol1,Electronic Music Night Vol.1,Underground Rave Experience,Lose yourself in pulsing beats from top electronic artists across 3 rooms. Limited to 500 attendees.,published,https://images.unsplash.com/photo-1540575467063-178a50c2df87?w=800&q=80,0,,,,,,,,,,pcol_selfkart_ticket_live-entertainment,ptyp_selfkart_ticket_concerts,ticket-live-entertainment,TRUE,,,VIP Access,EDM-VIP,,FALSE,TRUE,0,,,,,,,,49,59,4410,217,Tier,VIP Access,https://images.unsplash.com/photo-1540575467063-178a50c2df87?w=800&q=80,https://images.unsplash.com/photo-1506157786151-b8491531f063?w=800&q=80
,indie-rock-showcase,Indie Rock Showcase,Live Band Night,Six rising indie bands compete for the crowd's vote. Raw energy and fresh sound guaranteed.,published,https://images.unsplash.com/photo-1506157786151-b8491531f063?w=800&q=80,0,,,,,,,,,,pcol_selfkart_ticket_live-entertainment,ptyp_selfkart_ticket_concerts,ticket-live-entertainment,TRUE,,,General Admission,INDIE-GA,,FALSE,TRUE,0,,,,,,,,12,14,1080,51,Tier,General Admission,https://images.unsplash.com/photo-1506157786151-b8491531f063?w=800&q=80,https://images.unsplash.com/photo-1540575467063-178a50c2df87?w=800&q=80
,indie-rock-showcase,Indie Rock Showcase,Live Band Night,Six rising indie bands compete for the crowd's vote. Raw energy and fresh sound guaranteed.,published,https://images.unsplash.com/photo-1506157786151-b8491531f063?w=800&q=80,0,,,,,,,,,,pcol_selfkart_ticket_live-entertainment,ptyp_selfkart_ticket_concerts,ticket-live-entertainment,TRUE,,,VIP Access,INDIE-VIP,,FALSE,TRUE,0,,,,,,,,35,42,3150,154,Tier,VIP Access,https://images.unsplash.com/photo-1506157786151-b8491531f063?w=800&q=80,https://images.unsplash.com/photo-1540575467063-178a50c2df87?w=800&q=80
,classical-symphony-eve,Classical Evening — Symphony Hall,An Evening of Mozart and Beethoven,The city's premier orchestra performs an all-classical programme in the grand concert hall.,published,https://images.unsplash.com/photo-1540575467063-178a50c2df87?w=800&q=80,0,,,,,,,,,,pcol_selfkart_ticket_live-entertainment,ptyp_selfkart_ticket_concerts,ticket-live-entertainment,TRUE,,,General Admission,CLASS-GA,,FALSE,TRUE,0,,,,,,,,39,45,3510,165,Tier,General Admission,https://images.unsplash.com/photo-1540575467063-178a50c2df87?w=800&q=80,https://images.unsplash.com/photo-1506157786151-b8491531f063?w=800&q=80
,classical-symphony-eve,Classical Evening — Symphony Hall,An Evening of Mozart and Beethoven,The city's premier orchestra performs an all-classical programme in the grand concert hall.,published,https://images.unsplash.com/photo-1540575467063-178a50c2df87?w=800&q=80,0,,,,,,,,,,pcol_selfkart_ticket_live-entertainment,ptyp_selfkart_ticket_concerts,ticket-live-entertainment,TRUE,,,VIP Access,CLASS-VIP,,FALSE,TRUE,0,,,,,,,,99,119,8910,437,Tier,VIP Access,https://images.unsplash.com/photo-1540575467063-178a50c2df87?w=800&q=80,https://images.unsplash.com/photo-1506157786151-b8491531f063?w=800&q=80
,hip-hop-cypher-champs,Hip-Hop Cypher Championships,Battle Rap and Breakdance Showcase,Regional crews battle for the championship crown across MC battles and breakdance categories.,published,https://images.unsplash.com/photo-1506157786151-b8491531f063?w=800&q=80,0,,,,,,,,,,pcol_selfkart_ticket_events,ptyp_selfkart_ticket_events,ticket-events,TRUE,,,General Admission,HIPHOP-GA,,FALSE,TRUE,0,,,,,,,,15,18,1350,66,Tier,General Admission,https://images.unsplash.com/photo-1506157786151-b8491531f063?w=800&q=80,https://images.unsplash.com/photo-1540575467063-178a50c2df87?w=800&q=80
,hip-hop-cypher-champs,Hip-Hop Cypher Championships,Battle Rap and Breakdance Showcase,Regional crews battle for the championship crown across MC battles and breakdance categories.,published,https://images.unsplash.com/photo-1506157786151-b8491531f063?w=800&q=80,0,,,,,,,,,,pcol_selfkart_ticket_events,ptyp_selfkart_ticket_events,ticket-events,TRUE,,,VIP Access,HIPHOP-VIP,,FALSE,TRUE,0,,,,,,,,45,55,4050,202,Tier,VIP Access,https://images.unsplash.com/photo-1506157786151-b8491531f063?w=800&q=80,https://images.unsplash.com/photo-1540575467063-178a50c2df87?w=800&q=80
,pop-icons-reunion-tour,Pop Icons Reunion Tour,Stadium Pop Concert,Your favourite pop legends reunite for one unforgettable night. A digital collectible ticket for every fan.,published,https://images.unsplash.com/photo-1540575467063-178a50c2df87?w=800&q=80,0,,,,,,,,,,pcol_selfkart_ticket_live-entertainment,ptyp_selfkart_ticket_concerts,ticket-live-entertainment,TRUE,,,General Admission,POP-GA,,FALSE,TRUE,0,,,,,,,,49,59,4410,217,Tier,General Admission,https://images.unsplash.com/photo-1540575467063-178a50c2df87?w=800&q=80,https://images.unsplash.com/photo-1506157786151-b8491531f063?w=800&q=80
,pop-icons-reunion-tour,Pop Icons Reunion Tour,Stadium Pop Concert,Your favourite pop legends reunite for one unforgettable night. A digital collectible ticket for every fan.,published,https://images.unsplash.com/photo-1540575467063-178a50c2df87?w=800&q=80,0,,,,,,,,,,pcol_selfkart_ticket_live-entertainment,ptyp_selfkart_ticket_concerts,ticket-live-entertainment,TRUE,,,VIP Access,POP-VIP,,FALSE,TRUE,0,,,,,,,,149,179,13410,657,Tier,VIP Access,https://images.unsplash.com/photo-1540575467063-178a50c2df87?w=800&q=80,https://images.unsplash.com/photo-1506157786151-b8491531f063?w=800&q=80
,underground-edm-rave,Underground EDM Rave,All-Night Electronic Experience,A warehouse rave with 4 stages and 12 artists spinning through sunrise. Your pass is a rare digital collectible.,published,https://images.unsplash.com/photo-1506157786151-b8491531f063?w=800&q=80,0,,,,,,,,,,pcol_selfkart_ticket_arts-experiences,ptyp_selfkart_ticket_art-culture,ticket-arts-experiences,TRUE,,,General Admission,RAVE-GA,,FALSE,TRUE,0,,,,,,,,22,25,1980,92,Tier,General Admission,https://images.unsplash.com/photo-1506157786151-b8491531f063?w=800&q=80,https://images.unsplash.com/photo-1540575467063-178a50c2df87?w=800&q=80
,underground-edm-rave,Underground EDM Rave,All-Night Electronic Experience,A warehouse rave with 4 stages and 12 artists spinning through sunrise. Your pass is a rare digital collectible.,published,https://images.unsplash.com/photo-1506157786151-b8491531f063?w=800&q=80,0,,,,,,,,,,pcol_selfkart_ticket_arts-experiences,ptyp_selfkart_ticket_art-culture,ticket-arts-experiences,TRUE,,,VIP Access,RAVE-VIP,,FALSE,TRUE,0,,,,,,,,65,75,5850,275,Tier,VIP Access,https://images.unsplash.com/photo-1506157786151-b8491531f063?w=800&q=80,https://images.unsplash.com/photo-1540575467063-178a50c2df87?w=800&q=80
,acoustic-sessions-live,Acoustic Sessions Live,Intimate Acoustic Showcase,Six singer-songwriters perform stripped-back acoustic sets in an intimate 200-capacity venue.,published,https://images.unsplash.com/photo-1540575467063-178a50c2df87?w=800&q=80,0,,,,,,,,,,pcol_selfkart_ticket_events,ptyp_selfkart_ticket_events,ticket-events,TRUE,,,General Admission,ACOU-GA,,FALSE,TRUE,0,,,,,,,,18,22,1620,81,Tier,General Admission,https://images.unsplash.com/photo-1540575467063-178a50c2df87?w=800&q=80,https://images.unsplash.com/photo-1506157786151-b8491531f063?w=800&q=80
,acoustic-sessions-live,Acoustic Sessions Live,Intimate Acoustic Showcase,Six singer-songwriters perform stripped-back acoustic sets in an intimate 200-capacity venue.,published,https://images.unsplash.com/photo-1540575467063-178a50c2df87?w=800&q=80,0,,,,,,,,,,pcol_selfkart_ticket_events,ptyp_selfkart_ticket_events,ticket-events,TRUE,,,VIP Access,ACOU-VIP,,FALSE,TRUE,0,,,,,,,,45,52,4050,191,Tier,VIP Access,https://images.unsplash.com/photo-1540575467063-178a50c2df87?w=800&q=80,https://images.unsplash.com/photo-1506157786151-b8491531f063?w=800&q=80
,world-music-carnival,World Music Carnival,Global Beats and Culture,"A celebration spanning afrobeats, flamenco, bhangra, and more. One collectible ticket — infinite cultures.",published,https://images.unsplash.com/photo-1506157786151-b8491531f063?w=800&q=80,0,,,,,,,,,,pcol_selfkart_ticket_live-entertainment,ptyp_selfkart_ticket_concerts,ticket-live-entertainment,TRUE,,,General Admission,WORLD-GA,,FALSE,TRUE,0,,,,,,,,22,25,1980,92,Tier,General Admission,https://images.unsplash.com/photo-1506157786151-b8491531f063?w=800&q=80,https://images.unsplash.com/photo-1540575467063-178a50c2df87?w=800&q=80
,world-music-carnival,World Music Carnival,Global Beats and Culture,"A celebration spanning afrobeats, flamenco, bhangra, and more. One collectible ticket — infinite cultures.",published,https://images.unsplash.com/photo-1506157786151-b8491531f063?w=800&q=80,0,,,,,,,,,,pcol_selfkart_ticket_live-entertainment,ptyp_selfkart_ticket_concerts,ticket-live-entertainment,TRUE,,,VIP Access,WORLD-VIP,,FALSE,TRUE,0,,,,,,,,75,89,6750,327,Tier,VIP Access,https://images.unsplash.com/photo-1506157786151-b8491531f063?w=800&q=80,https://images.unsplash.com/photo-1540575467063-178a50c2df87?w=800&q=80
,ai-commerce-forum-2026,AI and Commerce Forum 2026,AI-Powered Retail Summit,Explore how AI is reshaping commerce in 2026 with keynotes from industry leaders and live demos.,published,https://images.unsplash.com/photo-1518770660439-4636190af475?w=800&q=80,0,,,,,,,,,,pcol_selfkart_ticket_conferences-workshops,ptyp_selfkart_ticket_conferences,ticket-conferences-workshops,TRUE,,,General Admission,AICOM-GA,,FALSE,TRUE,0,,,,,,,,49,59,4410,217,Tier,General Admission,https://images.unsplash.com/photo-1518770660439-4636190af475?w=800&q=80,https://images.unsplash.com/photo-1475721027785-f74eccf877e2?w=800&q=80
,ai-commerce-forum-2026,AI and Commerce Forum 2026,AI-Powered Retail Summit,Explore how AI is reshaping commerce in 2026 with keynotes from industry leaders and live demos.,published,https://images.unsplash.com/photo-1518770660439-4636190af475?w=800&q=80,0,,,,,,,,,,pcol_selfkart_ticket_conferences-workshops,ptyp_selfkart_ticket_conferences,ticket-conferences-workshops,TRUE,,,VIP Access,AICOM-VIP,,FALSE,TRUE,0,,,,,,,,149,179,13410,657,Tier,VIP Access,https://images.unsplash.com/photo-1518770660439-4636190af475?w=800&q=80,https://images.unsplash.com/photo-1475721027785-f74eccf877e2?w=800&q=80
,web3-dev-conference,Web3 Developer Conference,Blockchain and dApp Development,Two days of deep technical sessions on Web3 protocols and decentralised commerce infrastructure.,published,https://images.unsplash.com/photo-1475721027785-f74eccf877e2?w=800&q=80,0,,,,,,,,,,pcol_selfkart_ticket_conferences-workshops,ptyp_selfkart_ticket_conferences,ticket-conferences-workshops,TRUE,,,General Admission,WEB3-GA,,FALSE,TRUE,0,,,,,,,,59,69,5310,253,Tier,General Admission,https://images.unsplash.com/photo-1475721027785-f74eccf877e2?w=800&q=80,https://images.unsplash.com/photo-1518770660439-4636190af475?w=800&q=80
,web3-dev-conference,Web3 Developer Conference,Blockchain and dApp Development,Two days of deep technical sessions on Web3 protocols and decentralised commerce infrastructure.,published,https://images.unsplash.com/photo-1475721027785-f74eccf877e2?w=800&q=80,0,,,,,,,,,,pcol_selfkart_ticket_conferences-workshops,ptyp_selfkart_ticket_conferences,ticket-conferences-workshops,TRUE,,,VIP Access,WEB3-VIP,,FALSE,TRUE,0,,,,,,,,199,229,17910,840,Tier,VIP Access,https://images.unsplash.com/photo-1475721027785-f74eccf877e2?w=800&q=80,https://images.unsplash.com/photo-1518770660439-4636190af475?w=800&q=80
,ecommerce-growth-summit,E-Commerce Growth Summit,Scale Your Online Store,Practical playbooks for scaling DTC brands from 6 figures to 8 figures with proven operators.,published,https://images.unsplash.com/photo-1518770660439-4636190af475?w=800&q=80,0,,,,,,,,,,pcol_selfkart_ticket_conferences-workshops,ptyp_selfkart_ticket_conferences,ticket-conferences-workshops,TRUE,,,General Admission,ECOM-GA,,FALSE,TRUE,0,,,,,,,,45,55,4050,202,Tier,General Admission,https://images.unsplash.com/photo-1518770660439-4636190af475?w=800&q=80,https://images.unsplash.com/photo-1475721027785-f74eccf877e2?w=800&q=80
,ecommerce-growth-summit,E-Commerce Growth Summit,Scale Your Online Store,Practical playbooks for scaling DTC brands from 6 figures to 8 figures with proven operators.,published,https://images.unsplash.com/photo-1518770660439-4636190af475?w=800&q=80,0,,,,,,,,,,pcol_selfkart_ticket_conferences-workshops,ptyp_selfkart_ticket_conferences,ticket-conferences-workshops,TRUE,,,VIP Access,ECOM-VIP,,FALSE,TRUE,0,,,,,,,,129,149,11610,547,Tier,VIP Access,https://images.unsplash.com/photo-1518770660439-4636190af475?w=800&q=80,https://images.unsplash.com/photo-1475721027785-f74eccf877e2?w=800&q=80
,product-design-sprint,Product Design Sprint Workshop,2-Day Design Intensive,Build and test a product concept from scratch in 48 hours with expert facilitators and real user feedback.,published,https://images.unsplash.com/photo-1475721027785-f74eccf877e2?w=800&q=80,0,,,,,,,,,,pcol_selfkart_ticket_conferences-workshops,ptyp_selfkart_ticket_workshops,ticket-conferences-workshops,TRUE,,,General Admission,DESIGN-GA,,FALSE,TRUE,0,,,,,,,,39,45,3510,165,Tier,General Admission,https://images.unsplash.com/photo-1475721027785-f74eccf877e2?w=800&q=80,https://images.unsplash.com/photo-1518770660439-4636190af475?w=800&q=80
,product-design-sprint,Product Design Sprint Workshop,2-Day Design Intensive,Build and test a product concept from scratch in 48 hours with expert facilitators and real user feedback.,published,https://images.unsplash.com/photo-1475721027785-f74eccf877e2?w=800&q=80,0,,,,,,,,,,pcol_selfkart_ticket_conferences-workshops,ptyp_selfkart_ticket_workshops,ticket-conferences-workshops,TRUE,,,VIP Access,DESIGN-VIP,,FALSE,TRUE,0,,,,,,,,99,119,8910,437,Tier,VIP Access,https://images.unsplash.com/photo-1475721027785-f74eccf877e2?w=800&q=80,https://images.unsplash.com/photo-1518770660439-4636190af475?w=800&q=80
,devops-cloud-bootcamp,DevOps and Cloud Bootcamp,Hands-on Infrastructure Training,"Master CI/CD pipelines, Kubernetes, and cloud-native architecture in one intensive day.",published,https://images.unsplash.com/photo-1518770660439-4636190af475?w=800&q=80,0,,,,,,,,,,pcol_selfkart_ticket_conferences-workshops,ptyp_selfkart_ticket_workshops,ticket-conferences-workshops,TRUE,,,General Admission,DEVOPS-GA,,FALSE,TRUE,0,,,,,,,,49,59,4410,217,Tier,General Admission,https://images.unsplash.com/photo-1518770660439-4636190af475?w=800&q=80,https://images.unsplash.com/photo-1475721027785-f74eccf877e2?w=800&q=80
,devops-cloud-bootcamp,DevOps and Cloud Bootcamp,Hands-on Infrastructure Training,"Master CI/CD pipelines, Kubernetes, and cloud-native architecture in one intensive day.",published,https://images.unsplash.com/photo-1518770660439-4636190af475?w=800&q=80,0,,,,,,,,,,pcol_selfkart_ticket_conferences-workshops,ptyp_selfkart_ticket_workshops,ticket-conferences-workshops,TRUE,,,VIP Access,DEVOPS-VIP,,FALSE,TRUE,0,,,,,,,,129,149,11610,547,Tier,VIP Access,https://images.unsplash.com/photo-1518770660439-4636190af475?w=800&q=80,https://images.unsplash.com/photo-1475721027785-f74eccf877e2?w=800&q=80
,startup-pitch-night,Startup Pitch Night,Demo Night for Early-Stage Founders,20 startups pitch live to a panel of VCs and angel investors. The audience votes for the People's Choice.,published,https://images.unsplash.com/photo-1475721027785-f74eccf877e2?w=800&q=80,0,,,,,,,,,,pcol_selfkart_ticket_conferences-workshops,ptyp_selfkart_ticket_art-culture,ticket-conferences-workshops,TRUE,,,General Admission,PITCH-GA,,FALSE,TRUE,0,,,,,,,,15,18,1350,66,Tier,General Admission,https://images.unsplash.com/photo-1475721027785-f74eccf877e2?w=800&q=80,https://images.unsplash.com/photo-1518770660439-4636190af475?w=800&q=80
,startup-pitch-night,Startup Pitch Night,Demo Night for Early-Stage Founders,20 startups pitch live to a panel of VCs and angel investors. The audience votes for the People's Choice.,published,https://images.unsplash.com/photo-1475721027785-f74eccf877e2?w=800&q=80,0,,,,,,,,,,pcol_selfkart_ticket_conferences-workshops,ptyp_selfkart_ticket_art-culture,ticket-conferences-workshops,TRUE,,,VIP Access,PITCH-VIP,,FALSE,TRUE,0,,,,,,,,49,59,4410,217,Tier,VIP Access,https://images.unsplash.com/photo-1475721027785-f74eccf877e2?w=800&q=80,https://images.unsplash.com/photo-1518770660439-4636190af475?w=800&q=80
,vc-networking-mixer,VC Networking Mixer,Founders x Investors Evening,An invite-style mixer connecting pre-seed founders with active investors over cocktails and canapes.,published,https://images.unsplash.com/photo-1518770660439-4636190af475?w=800&q=80,0,,,,,,,,,,pcol_selfkart_ticket_conferences-workshops,ptyp_selfkart_ticket_conferences-workshops,ticket-conferences-workshops,TRUE,,,General Admission,VCMIX-GA,,FALSE,TRUE,0,,,,,,,,29,35,2610,128,Tier,General Admission,https://images.unsplash.com/photo-1518770660439-4636190af475?w=800&q=80,https://images.unsplash.com/photo-1475721027785-f74eccf877e2?w=800&q=80
,vc-networking-mixer,VC Networking Mixer,Founders x Investors Evening,An invite-style mixer connecting pre-seed founders with active investors over cocktails and canapes.,published,https://images.unsplash.com/photo-1518770660439-4636190af475?w=800&q=80,0,,,,,,,,,,pcol_selfkart_ticket_conferences-workshops,ptyp_selfkart_ticket_conferences-workshops,ticket-conferences-workshops,TRUE,,,VIP Access,VCMIX-VIP,,FALSE,TRUE,0,,,,,,,,89,99,8010,363,Tier,VIP Access,https://images.unsplash.com/photo-1518770660439-4636190af475?w=800&q=80,https://images.unsplash.com/photo-1475721027785-f74eccf877e2?w=800&q=80
,ux-research-workshop,UX Research Methods Workshop,Customer Insight Techniques,Learn modern UX research frameworks from senior product researchers at top tech companies.,published,https://images.unsplash.com/photo-1475721027785-f74eccf877e2?w=800&q=80,0,,,,,,,,,,pcol_selfkart_ticket_conferences-workshops,ptyp_selfkart_ticket_workshops,ticket-conferences-workshops,TRUE,,,General Admission,UXRES-GA,,FALSE,TRUE,0,,,,,,,,35,42,3150,154,Tier,General Admission,https://images.unsplash.com/photo-1475721027785-f74eccf877e2?w=800&q=80,https://images.unsplash.com/photo-1518770660439-4636190af475?w=800&q=80
,ux-research-workshop,UX Research Methods Workshop,Customer Insight Techniques,Learn modern UX research frameworks from senior product researchers at top tech companies.,published,https://images.unsplash.com/photo-1475721027785-f74eccf877e2?w=800&q=80,0,,,,,,,,,,pcol_selfkart_ticket_conferences-workshops,ptyp_selfkart_ticket_workshops,ticket-conferences-workshops,TRUE,,,VIP Access,UXRES-VIP,,FALSE,TRUE,0,,,,,,,,89,99,8010,363,Tier,VIP Access,https://images.unsplash.com/photo-1475721027785-f74eccf877e2?w=800&q=80,https://images.unsplash.com/photo-1518770660439-4636190af475?w=800&q=80
,data-science-hackathon,Data Science Hackathon,24-Hour Data Challenge,Teams compete to solve real-world data problems using live datasets. Prizes for top 3 teams.,published,https://images.unsplash.com/photo-1518770660439-4636190af475?w=800&q=80,0,,,,,,,,,,pcol_selfkart_ticket_events,ptyp_selfkart_ticket_events,ticket-events,TRUE,,,General Admission,DATAHACK-GA,,FALSE,TRUE,0,,,,,,,,19,22,1710,81,Tier,General Admission,https://images.unsplash.com/photo-1518770660439-4636190af475?w=800&q=80,https://images.unsplash.com/photo-1475721027785-f74eccf877e2?w=800&q=80
,data-science-hackathon,Data Science Hackathon,24-Hour Data Challenge,Teams compete to solve real-world data problems using live datasets. Prizes for top 3 teams.,published,https://images.unsplash.com/photo-1518770660439-4636190af475?w=800&q=80,0,,,,,,,,,,pcol_selfkart_ticket_events,ptyp_selfkart_ticket_events,ticket-events,TRUE,,,VIP Access,DATAHACK-VIP,,FALSE,TRUE,0,,,,,,,,59,69,5310,253,Tier,VIP Access,https://images.unsplash.com/photo-1518770660439-4636190af475?w=800&q=80,https://images.unsplash.com/photo-1475721027785-f74eccf877e2?w=800&q=80
,cybersecurity-summit-2026,Cybersecurity Summit 2026,Protect. Detect. Respond.,The region's leading cybersecurity conference covering AI-powered threats and zero-trust architecture.,published,https://images.unsplash.com/photo-1475721027785-f74eccf877e2?w=800&q=80,0,,,,,,,,,,pcol_selfkart_ticket_conferences-workshops,ptyp_selfkart_ticket_conferences,ticket-conferences-workshops,TRUE,,,General Admission,CYBER-GA,,FALSE,TRUE,0,,,,,,,,59,69,5310,253,Tier,General Admission,https://images.unsplash.com/photo-1475721027785-f74eccf877e2?w=800&q=80,https://images.unsplash.com/photo-1518770660439-4636190af475?w=800&q=80
,cybersecurity-summit-2026,Cybersecurity Summit 2026,Protect. Detect. Respond.,The region's leading cybersecurity conference covering AI-powered threats and zero-trust architecture.,published,https://images.unsplash.com/photo-1475721027785-f74eccf877e2?w=800&q=80,0,,,,,,,,,,pcol_selfkart_ticket_conferences-workshops,ptyp_selfkart_ticket_conferences,ticket-conferences-workshops,TRUE,,,VIP Access,CYBER-VIP,,FALSE,TRUE,0,,,,,,,,179,209,16110,767,Tier,VIP Access,https://images.unsplash.com/photo-1475721027785-f74eccf877e2?w=800&q=80,https://images.unsplash.com/photo-1518770660439-4636190af475?w=800&q=80
,marathon-city-run-2026,Marathon City Run 2026,42km Road Race,Run the city's iconic marathon route through landmarks and neighbourhoods. Finisher NFT medal included.,published,https://images.unsplash.com/photo-1461896836374-cf369ff221af?w=800&q=80,0,,,,,,,,,,pcol_selfkart_ticket_sports-fitness,ptyp_selfkart_ticket_runs-marathons,ticket-sports-fitness,TRUE,,,General Admission,MARA-GA,,FALSE,TRUE,0,,,,,,,,35,42,3150,154,Tier,General Admission,https://images.unsplash.com/photo-1461896836374-cf369ff221af?w=800&q=80,https://images.unsplash.com/photo-1492684223066-81342ee5ff30?w=800&q=80
,marathon-city-run-2026,Marathon City Run 2026,42km Road Race,Run the city's iconic marathon route through landmarks and neighbourhoods. Finisher NFT medal included.,published,https://images.unsplash.com/photo-1461896836374-cf369ff221af?w=800&q=80,0,,,,,,,,,,pcol_selfkart_ticket_sports-fitness,ptyp_selfkart_ticket_runs-marathons,ticket-sports-fitness,TRUE,,,VIP Access,MARA-VIP,,FALSE,TRUE,0,,,,,,,,89,99,8010,363,Tier,VIP Access,https://images.unsplash.com/photo-1461896836374-cf369ff221af?w=800&q=80,https://images.unsplash.com/photo-1492684223066-81342ee5ff30?w=800&q=80
,yoga-wellness-retreat,Yoga and Wellness Retreat,Weekend Mindfulness Retreat,"Three days of yoga, meditation, breathwork, and guided wellness sessions in a scenic setting.",published,https://images.unsplash.com/photo-1492684223066-81342ee5ff30?w=800&q=80,0,,,,,,,,,,pcol_selfkart_ticket_sports-fitness,ptyp_selfkart_ticket_fitness,ticket-sports-fitness,TRUE,,,General Admission,YOGA-GA,,FALSE,TRUE,0,,,,,,,,59,69,5310,253,Tier,General Admission,https://images.unsplash.com/photo-1492684223066-81342ee5ff30?w=800&q=80,https://images.unsplash.com/photo-1461896836374-cf369ff221af?w=800&q=80
,yoga-wellness-retreat,Yoga and Wellness Retreat,Weekend Mindfulness Retreat,"Three days of yoga, meditation, breathwork, and guided wellness sessions in a scenic setting.",published,https://images.unsplash.com/photo-1492684223066-81342ee5ff30?w=800&q=80,0,,,,,,,,,,pcol_selfkart_ticket_sports-fitness,ptyp_selfkart_ticket_fitness,ticket-sports-fitness,TRUE,,,VIP Access,YOGA-VIP,,FALSE,TRUE,0,,,,,,,,149,179,13410,657,Tier,VIP Access,https://images.unsplash.com/photo-1492684223066-81342ee5ff30?w=800&q=80,https://images.unsplash.com/photo-1461896836374-cf369ff221af?w=800&q=80
,crossfit-open-champs,CrossFit Open Championship,Regional Fitness Battle,Compete across five functional fitness workouts to claim the regional title. Judge-certified scoring.,published,https://images.unsplash.com/photo-1461896836374-cf369ff221af?w=800&q=80,0,,,,,,,,,,pcol_selfkart_ticket_conferences-workshops,ptyp_selfkart_ticket_fitness,ticket-conferences-workshops,TRUE,,,General Admission,CFIT-GA,,FALSE,TRUE,0,,,,,,,,25,29,2250,106,Tier,General Admission,https://images.unsplash.com/photo-1461896836374-cf369ff221af?w=800&q=80,https://images.unsplash.com/photo-1492684223066-81342ee5ff30?w=800&q=80
,crossfit-open-champs,CrossFit Open Championship,Regional Fitness Battle,Compete across five functional fitness workouts to claim the regional title. Judge-certified scoring.,published,https://images.unsplash.com/photo-1461896836374-cf369ff221af?w=800&q=80,0,,,,,,,,,,pcol_selfkart_ticket_conferences-workshops,ptyp_selfkart_ticket_fitness,ticket-conferences-workshops,TRUE,,,VIP Access,CFIT-VIP,,FALSE,TRUE,0,,,,,,,,65,79,5850,290,Tier,VIP Access,https://images.unsplash.com/photo-1461896836374-cf369ff221af?w=800&q=80,https://images.unsplash.com/photo-1492684223066-81342ee5ff30?w=800&q=80
,basketball-3v3-tournament,Basketball 3v3 Tournament,Street Basketball Festival,64 teams compete in a day-long street basketball tournament. Spectator tickets include food and drink vouchers.,published,https://images.unsplash.com/photo-1492684223066-81342ee5ff30?w=800&q=80,0,,,,,,,,,,pcol_selfkart_ticket_live-entertainment,ptyp_selfkart_ticket_music-festivals,ticket-live-entertainment,TRUE,,,General Admission,BBALL-GA,,FALSE,TRUE,0,,,,,,,,15,18,1350,66,Tier,General Admission,https://images.unsplash.com/photo-1492684223066-81342ee5ff30?w=800&q=80,https://images.unsplash.com/photo-1461896836374-cf369ff221af?w=800&q=80
,basketball-3v3-tournament,Basketball 3v3 Tournament,Street Basketball Festival,64 teams compete in a day-long street basketball tournament. Spectator tickets include food and drink vouchers.,published,https://images.unsplash.com/photo-1492684223066-81342ee5ff30?w=800&q=80,0,,,,,,,,,,pcol_selfkart_ticket_live-entertainment,ptyp_selfkart_ticket_music-festivals,ticket-live-entertainment,TRUE,,,VIP Access,BBALL-VIP,,FALSE,TRUE,0,,,,,,,,45,55,4050,202,Tier,VIP Access,https://images.unsplash.com/photo-1492684223066-81342ee5ff30?w=800&q=80,https://images.unsplash.com/photo-1461896836374-cf369ff221af?w=800&q=80
,cycling-grand-prix,Cycling Grand Prix,Road Cycling Race,A criterium circuit race through the city centre for amateur and pro riders. Spectator zones along the route.,published,https://images.unsplash.com/photo-1461896836374-cf369ff221af?w=800&q=80,0,,,,,,,,,,pcol_selfkart_ticket_events,ptyp_selfkart_ticket_events,ticket-events,TRUE,,,General Admission,CYCLE-GA,,FALSE,TRUE,0,,,,,,,,22,25,1980,92,Tier,General Admission,https://images.unsplash.com/photo-1461896836374-cf369ff221af?w=800&q=80,https://images.unsplash.com/photo-1492684223066-81342ee5ff30?w=800&q=80
,cycling-grand-prix,Cycling Grand Prix,Road Cycling Race,A criterium circuit race through the city centre for amateur and pro riders. Spectator zones along the route.,published,https://images.unsplash.com/photo-1461896836374-cf369ff221af?w=800&q=80,0,,,,,,,,,,pcol_selfkart_ticket_events,ptyp_selfkart_ticket_events,ticket-events,TRUE,,,VIP Access,CYCLE-VIP,,FALSE,TRUE,0,,,,,,,,65,75,5850,275,Tier,VIP Access,https://images.unsplash.com/photo-1461896836374-cf369ff221af?w=800&q=80,https://images.unsplash.com/photo-1492684223066-81342ee5ff30?w=800&q=80
,swimming-gala-openwater,Swimming Gala — Open Water,Open Water Swimming Race,A 5km open-water swim in the city's scenic reservoir. Digital finisher certificate for every swimmer.,published,https://images.unsplash.com/photo-1492684223066-81342ee5ff30?w=800&q=80,0,,,,,,,,,,pcol_selfkart_ticket_events,ptyp_selfkart_ticket_events,ticket-events,TRUE,,,General Admission,SWIM-GA,,FALSE,TRUE,0,,,,,,,,29,35,2610,128,Tier,General Admission,https://images.unsplash.com/photo-1492684223066-81342ee5ff30?w=800&q=80,https://images.unsplash.com/photo-1461896836374-cf369ff221af?w=800&q=80
,swimming-gala-openwater,Swimming Gala — Open Water,Open Water Swimming Race,A 5km open-water swim in the city's scenic reservoir. Digital finisher certificate for every swimmer.,published,https://images.unsplash.com/photo-1492684223066-81342ee5ff30?w=800&q=80,0,,,,,,,,,,pcol_selfkart_ticket_events,ptyp_selfkart_ticket_events,ticket-events,TRUE,,,VIP Access,SWIM-VIP,,FALSE,TRUE,0,,,,,,,,75,89,6750,327,Tier,VIP Access,https://images.unsplash.com/photo-1492684223066-81342ee5ff30?w=800&q=80,https://images.unsplash.com/photo-1461896836374-cf369ff221af?w=800&q=80
,martial-arts-grand-prix,Martial Arts Grand Prix,Multi-Discipline Fight Night,"BJJ, boxing, and kickboxing bouts across three weight classes. A collectible fight-card NFT ticket.",published,https://images.unsplash.com/photo-1461896836374-cf369ff221af?w=800&q=80,0,,,,,,,,,,pcol_selfkart_ticket_arts-experiences,ptyp_selfkart_ticket_art-culture,ticket-arts-experiences,TRUE,,,General Admission,MART-GA,,FALSE,TRUE,0,,,,,,,,25,29,2250,106,Tier,General Admission,https://images.unsplash.com/photo-1461896836374-cf369ff221af?w=800&q=80,https://images.unsplash.com/photo-1492684223066-81342ee5ff30?w=800&q=80
,martial-arts-grand-prix,Martial Arts Grand Prix,Multi-Discipline Fight Night,"BJJ, boxing, and kickboxing bouts across three weight classes. A collectible fight-card NFT ticket.",published,https://images.unsplash.com/photo-1461896836374-cf369ff221af?w=800&q=80,0,,,,,,,,,,pcol_selfkart_ticket_arts-experiences,ptyp_selfkart_ticket_art-culture,ticket-arts-experiences,TRUE,,,VIP Access,MART-VIP,,FALSE,TRUE,0,,,,,,,,79,89,7110,327,Tier,VIP Access,https://images.unsplash.com/photo-1461896836374-cf369ff221af?w=800&q=80,https://images.unsplash.com/photo-1492684223066-81342ee5ff30?w=800&q=80
,football-skills-academy,Football Skills Academy,Youth Football Development Day,Coaching clinics led by ex-professionals for players aged 8–18. Certificate and digital badge on completion.,published,https://images.unsplash.com/photo-1492684223066-81342ee5ff30?w=800&q=80,0,,,,,,,,,,pcol_selfkart_ticket_sports-fitness,ptyp_selfkart_ticket_sports-matches,ticket-sports-fitness,TRUE,,,General Admission,FOOT-GA,,FALSE,TRUE,0,,,,,,,,19,22,1710,81,Tier,General Admission,https://images.unsplash.com/photo-1492684223066-81342ee5ff30?w=800&q=80,https://images.unsplash.com/photo-1461896836374-cf369ff221af?w=800&q=80
,football-skills-academy,Football Skills Academy,Youth Football Development Day,Coaching clinics led by ex-professionals for players aged 8–18. Certificate and digital badge on completion.,published,https://images.unsplash.com/photo-1492684223066-81342ee5ff30?w=800&q=80,0,,,,,,,,,,pcol_selfkart_ticket_sports-fitness,ptyp_selfkart_ticket_sports-matches,ticket-sports-fitness,TRUE,,,VIP Access,FOOT-VIP,,FALSE,TRUE,0,,,,,,,,49,59,4410,217,Tier,VIP Access,https://images.unsplash.com/photo-1492684223066-81342ee5ff30?w=800&q=80,https://images.unsplash.com/photo-1461896836374-cf369ff221af?w=800&q=80
,tennis-invitational-weekend,Tennis Invitational Weekend,Amateur Tennis Tournament,A two-day tennis tournament for club-level players across all age groups with prize draws.,published,https://images.unsplash.com/photo-1461896836374-cf369ff221af?w=800&q=80,0,,,,,,,,,,pcol_selfkart_ticket_arts-experiences,ptyp_selfkart_ticket_local-experiences,ticket-arts-experiences,TRUE,,,General Admission,TENNIS-GA,,FALSE,TRUE,0,,,,,,,,35,42,3150,154,Tier,General Admission,https://images.unsplash.com/photo-1461896836374-cf369ff221af?w=800&q=80,https://images.unsplash.com/photo-1492684223066-81342ee5ff30?w=800&q=80
,tennis-invitational-weekend,Tennis Invitational Weekend,Amateur Tennis Tournament,A two-day tennis tournament for club-level players across all age groups with prize draws.,published,https://images.unsplash.com/photo-1461896836374-cf369ff221af?w=800&q=80,0,,,,,,,,,,pcol_selfkart_ticket_arts-experiences,ptyp_selfkart_ticket_local-experiences,ticket-arts-experiences,TRUE,,,VIP Access,TENNIS-VIP,,FALSE,TRUE,0,,,,,,,,89,99,8010,363,Tier,VIP Access,https://images.unsplash.com/photo-1461896836374-cf369ff221af?w=800&q=80,https://images.unsplash.com/photo-1492684223066-81342ee5ff30?w=800&q=80
,esports-lan-tournament,eSports LAN Tournament,Competitive Gaming Event,"A 200-player LAN tournament across FIFA, CS2, and Valorant. Spectator passes and team entry available.",published,https://images.unsplash.com/photo-1492684223066-81342ee5ff30?w=800&q=80,0,,,,,,,,,,pcol_selfkart_ticket_conferences-workshops,ptyp_selfkart_ticket_local-experiences,ticket-conferences-workshops,TRUE,,,General Admission,ELAN-GA,,FALSE,TRUE,0,,,,,,,,22,25,1980,92,Tier,General Admission,https://images.unsplash.com/photo-1492684223066-81342ee5ff30?w=800&q=80,https://images.unsplash.com/photo-1461896836374-cf369ff221af?w=800&q=80
,esports-lan-tournament,eSports LAN Tournament,Competitive Gaming Event,"A 200-player LAN tournament across FIFA, CS2, and Valorant. Spectator passes and team entry available.",published,https://images.unsplash.com/photo-1492684223066-81342ee5ff30?w=800&q=80,0,,,,,,,,,,pcol_selfkart_ticket_conferences-workshops,ptyp_selfkart_ticket_local-experiences,ticket-conferences-workshops,TRUE,,,VIP Access,ELAN-VIP,,FALSE,TRUE,0,,,,,,,,65,75,5850,275,Tier,VIP Access,https://images.unsplash.com/photo-1492684223066-81342ee5ff30?w=800&q=80,https://images.unsplash.com/photo-1461896836374-cf369ff221af?w=800&q=80
,modern-art-gallery-opening,Modern Art Gallery Opening,Contemporary Art Showcase,Preview an exclusive collection of 40+ emerging contemporary artists before the public opening.,published,https://images.unsplash.com/photo-1459749411175-04bf5292ceea?w=800&q=80,0,,,,,,,,,,pcol_selfkart_ticket_arts-experiences,ptyp_selfkart_ticket_art-culture,ticket-arts-experiences,TRUE,,,General Admission,ART-GA,,FALSE,TRUE,0,,,,,,,,19,22,1710,81,Tier,General Admission,https://images.unsplash.com/photo-1459749411175-04bf5292ceea?w=800&q=80,https://images.unsplash.com/photo-1524178232363-1fb2b075b655?w=800&q=80
,modern-art-gallery-opening,Modern Art Gallery Opening,Contemporary Art Showcase,Preview an exclusive collection of 40+ emerging contemporary artists before the public opening.,published,https://images.unsplash.com/photo-1459749411175-04bf5292ceea?w=800&q=80,0,,,,,,,,,,pcol_selfkart_ticket_arts-experiences,ptyp_selfkart_ticket_art-culture,ticket-arts-experiences,TRUE,,,VIP Access,ART-VIP,,FALSE,TRUE,0,,,,,,,,59,69,5310,253,Tier,VIP Access,https://images.unsplash.com/photo-1459749411175-04bf5292ceea?w=800&q=80,https://images.unsplash.com/photo-1524178232363-1fb2b075b655?w=800&q=80
,street-photography-walk,Street Photography Walk,Urban Photography Tour,A guided 4-hour photography walk through the city's most photogenic districts with a professional photographer.,published,https://images.unsplash.com/photo-1524178232363-1fb2b075b655?w=800&q=80,0,,,,,,,,,,pcol_selfkart_ticket_arts-experiences,ptyp_selfkart_ticket_local-experiences,ticket-arts-experiences,TRUE,,,General Admission,PHOTO-GA,,FALSE,TRUE,0,,,,,,,,22,25,1980,92,Tier,General Admission,https://images.unsplash.com/photo-1524178232363-1fb2b075b655?w=800&q=80,https://images.unsplash.com/photo-1459749411175-04bf5292ceea?w=800&q=80
,street-photography-walk,Street Photography Walk,Urban Photography Tour,A guided 4-hour photography walk through the city's most photogenic districts with a professional photographer.,published,https://images.unsplash.com/photo-1524178232363-1fb2b075b655?w=800&q=80,0,,,,,,,,,,pcol_selfkart_ticket_arts-experiences,ptyp_selfkart_ticket_local-experiences,ticket-arts-experiences,TRUE,,,VIP Access,PHOTO-VIP,,FALSE,TRUE,0,,,,,,,,55,65,4950,239,Tier,VIP Access,https://images.unsplash.com/photo-1524178232363-1fb2b075b655?w=800&q=80,https://images.unsplash.com/photo-1459749411175-04bf5292ceea?w=800&q=80
,indie-film-screening-series,Film Screening Series — Indie Cinema,Award-Winning Shorts Night,A curated programme of 10 short films from this year's festival circuit followed by a Q&A with directors.,published,https://images.unsplash.com/photo-1459749411175-04bf5292ceea?w=800&q=80,0,,,,,,,,,,pcol_selfkart_ticket_live-entertainment,ptyp_selfkart_ticket_music-festivals,ticket-live-entertainment,TRUE,,,General Admission,FILM-GA,,FALSE,TRUE,0,,,,,,,,15,18,1350,66,Tier,General Admission,https://images.unsplash.com/photo-1459749411175-04bf5292ceea?w=800&q=80,https://images.unsplash.com/photo-1524178232363-1fb2b075b655?w=800&q=80
,indie-film-screening-series,Film Screening Series — Indie Cinema,Award-Winning Shorts Night,A curated programme of 10 short films from this year's festival circuit followed by a Q&A with directors.,published,https://images.unsplash.com/photo-1459749411175-04bf5292ceea?w=800&q=80,0,,,,,,,,,,pcol_selfkart_ticket_live-entertainment,ptyp_selfkart_ticket_music-festivals,ticket-live-entertainment,TRUE,,,VIP Access,FILM-VIP,,FALSE,TRUE,0,,,,,,,,35,42,3150,154,Tier,VIP Access,https://images.unsplash.com/photo-1459749411175-04bf5292ceea?w=800&q=80,https://images.unsplash.com/photo-1524178232363-1fb2b075b655?w=800&q=80
,creative-writing-workshop,Creative Writing Workshop,Fiction and Narrative Craft,"A half-day workshop on story structure, character, and voice led by a published novelist.",published,https://images.unsplash.com/photo-1524178232363-1fb2b075b655?w=800&q=80,0,,,,,,,,,,pcol_selfkart_ticket_conferences-workshops,ptyp_selfkart_ticket_workshops,ticket-conferences-workshops,TRUE,,,General Admission,WRITE-GA,,FALSE,TRUE,0,,,,,,,,29,35,2610,128,Tier,General Admission,https://images.unsplash.com/photo-1524178232363-1fb2b075b655?w=800&q=80,https://images.unsplash.com/photo-1459749411175-04bf5292ceea?w=800&q=80
,creative-writing-workshop,Creative Writing Workshop,Fiction and Narrative Craft,"A half-day workshop on story structure, character, and voice led by a published novelist.",published,https://images.unsplash.com/photo-1524178232363-1fb2b075b655?w=800&q=80,0,,,,,,,,,,pcol_selfkart_ticket_conferences-workshops,ptyp_selfkart_ticket_workshops,ticket-conferences-workshops,TRUE,,,VIP Access,WRITE-VIP,,FALSE,TRUE,0,,,,,,,,69,79,6210,290,Tier,VIP Access,https://images.unsplash.com/photo-1524178232363-1fb2b075b655?w=800&q=80,https://images.unsplash.com/photo-1459749411175-04bf5292ceea?w=800&q=80
,improv-comedy-night,Improv Comedy Night,Live Improvisational Theatre,The city's best improv troupe performs two unscripted sets. Every show is different — always hilarious.,published,https://images.unsplash.com/photo-1459749411175-04bf5292ceea?w=800&q=80,0,,,,,,,,,,pcol_selfkart_ticket_live-entertainment,ptyp_selfkart_ticket_comedy,ticket-live-entertainment,TRUE,,,General Admission,IMPROV-GA,,FALSE,TRUE,0,,,,,,,,12,14,1080,51,Tier,General Admission,https://images.unsplash.com/photo-1459749411175-04bf5292ceea?w=800&q=80,https://images.unsplash.com/photo-1524178232363-1fb2b075b655?w=800&q=80
,improv-comedy-night,Improv Comedy Night,Live Improvisational Theatre,The city's best improv troupe performs two unscripted sets. Every show is different — always hilarious.,published,https://images.unsplash.com/photo-1459749411175-04bf5292ceea?w=800&q=80,0,,,,,,,,,,pcol_selfkart_ticket_live-entertainment,ptyp_selfkart_ticket_comedy,ticket-live-entertainment,TRUE,,,VIP Access,IMPROV-VIP,,FALSE,TRUE,0,,,,,,,,35,42,3150,154,Tier,VIP Access,https://images.unsplash.com/photo-1459749411175-04bf5292ceea?w=800&q=80,https://images.unsplash.com/photo-1524178232363-1fb2b075b655?w=800&q=80
,standup-comedy-showcase,Stand-up Comedy Showcase,Comedy Club Night,Seven comics. One headline act. Zero bad nights. Doors open at 7pm and the laughs start at 8pm.,published,https://images.unsplash.com/photo-1524178232363-1fb2b075b655?w=800&q=80,0,,,,,,,,,,pcol_selfkart_ticket_live-entertainment,ptyp_selfkart_ticket_comedy,ticket-live-entertainment,TRUE,,,General Admission,STANDUP-GA,,FALSE,TRUE,0,,,,,,,,15,18,1350,66,Tier,General Admission,https://images.unsplash.com/photo-1524178232363-1fb2b075b655?w=800&q=80,https://images.unsplash.com/photo-1459749411175-04bf5292ceea?w=800&q=80
,standup-comedy-showcase,Stand-up Comedy Showcase,Comedy Club Night,Seven comics. One headline act. Zero bad nights. Doors open at 7pm and the laughs start at 8pm.,published,https://images.unsplash.com/photo-1524178232363-1fb2b075b655?w=800&q=80,0,,,,,,,,,,pcol_selfkart_ticket_live-entertainment,ptyp_selfkart_ticket_comedy,ticket-live-entertainment,TRUE,,,VIP Access,STANDUP-VIP,,FALSE,TRUE,0,,,,,,,,45,52,4050,191,Tier,VIP Access,https://images.unsplash.com/photo-1524178232363-1fb2b075b655?w=800&q=80,https://images.unsplash.com/photo-1459749411175-04bf5292ceea?w=800&q=80
,poetry-slam-finals,Poetry Slam Finals,Spoken Word Championship,The regional spoken word championship — 16 poets compete for the slam title before a live audience vote.,published,https://images.unsplash.com/photo-1459749411175-04bf5292ceea?w=800&q=80,0,,,,,,,,,,pcol_selfkart_ticket_events,ptyp_selfkart_ticket_events,ticket-events,TRUE,,,General Admission,SLAM-GA,,FALSE,TRUE,0,,,,,,,,12,14,1080,51,Tier,General Admission,https://images.unsplash.com/photo-1459749411175-04bf5292ceea?w=800&q=80,https://images.unsplash.com/photo-1524178232363-1fb2b075b655?w=800&q=80
,poetry-slam-finals,Poetry Slam Finals,Spoken Word Championship,The regional spoken word championship — 16 poets compete for the slam title before a live audience vote.,published,https://images.unsplash.com/photo-1459749411175-04bf5292ceea?w=800&q=80,0,,,,,,,,,,pcol_selfkart_ticket_events,ptyp_selfkart_ticket_events,ticket-events,TRUE,,,VIP Access,SLAM-VIP,,FALSE,TRUE,0,,,,,,,,35,42,3150,154,Tier,VIP Access,https://images.unsplash.com/photo-1459749411175-04bf5292ceea?w=800&q=80,https://images.unsplash.com/photo-1524178232363-1fb2b075b655?w=800&q=80
,theatre-premiere-night,Theatre Premiere Night,Opening Night Performance,Opening night of the acclaimed new production from the city's resident theatre company. Post-show reception included.,published,https://images.unsplash.com/photo-1524178232363-1fb2b075b655?w=800&q=80,0,,,,,,,,,,pcol_selfkart_ticket_conferences-workshops,ptyp_selfkart_ticket_local-experiences,ticket-conferences-workshops,TRUE,,,General Admission,THEAT-GA,,FALSE,TRUE,0,,,,,,,,35,42,3150,154,Tier,General Admission,https://images.unsplash.com/photo-1524178232363-1fb2b075b655?w=800&q=80,https://images.unsplash.com/photo-1459749411175-04bf5292ceea?w=800&q=80
,theatre-premiere-night,Theatre Premiere Night,Opening Night Performance,Opening night of the acclaimed new production from the city's resident theatre company. Post-show reception included.,published,https://images.unsplash.com/photo-1524178232363-1fb2b075b655?w=800&q=80,0,,,,,,,,,,pcol_selfkart_ticket_conferences-workshops,ptyp_selfkart_ticket_local-experiences,ticket-conferences-workshops,TRUE,,,VIP Access,THEAT-VIP,,FALSE,TRUE,0,,,,,,,,89,99,8010,363,Tier,VIP Access,https://images.unsplash.com/photo-1524178232363-1fb2b075b655?w=800&q=80,https://images.unsplash.com/photo-1459749411175-04bf5292ceea?w=800&q=80
,dance-battle-championship,Dance Battle Championship,Street Dance Competition,"32 solo dancers and 16 crews battle across hip-hop, waacking, and breaking categories for the title.",published,https://images.unsplash.com/photo-1459749411175-04bf5292ceea?w=800&q=80,0,,,,,,,,,,pcol_selfkart_ticket_events,ptyp_selfkart_ticket_events,ticket-events,TRUE,,,General Admission,DANCE-GA,,FALSE,TRUE,0,,,,,,,,15,18,1350,66,Tier,General Admission,https://images.unsplash.com/photo-1459749411175-04bf5292ceea?w=800&q=80,https://images.unsplash.com/photo-1524178232363-1fb2b075b655?w=800&q=80
,dance-battle-championship,Dance Battle Championship,Street Dance Competition,"32 solo dancers and 16 crews battle across hip-hop, waacking, and breaking categories for the title.",published,https://images.unsplash.com/photo-1459749411175-04bf5292ceea?w=800&q=80,0,,,,,,,,,,pcol_selfkart_ticket_events,ptyp_selfkart_ticket_events,ticket-events,TRUE,,,VIP Access,DANCE-VIP,,FALSE,TRUE,0,,,,,,,,45,55,4050,202,Tier,VIP Access,https://images.unsplash.com/photo-1459749411175-04bf5292ceea?w=800&q=80,https://images.unsplash.com/photo-1524178232363-1fb2b075b655?w=800&q=80
,photography-masterclass,Photography Masterclass,Portrait and Lighting Workshop,Learn studio lighting and portrait techniques with a professional photographer. Hands-on with studio gear.,published,https://images.unsplash.com/photo-1524178232363-1fb2b075b655?w=800&q=80,0,,,,,,,,,,pcol_selfkart_ticket_conferences-workshops,ptyp_selfkart_ticket_workshops,ticket-conferences-workshops,TRUE,,,General Admission,PMAS-GA,,FALSE,TRUE,0,,,,,,,,49,59,4410,217,Tier,General Admission,https://images.unsplash.com/photo-1524178232363-1fb2b075b655?w=800&q=80,https://images.unsplash.com/photo-1459749411175-04bf5292ceea?w=800&q=80
,photography-masterclass,Photography Masterclass,Portrait and Lighting Workshop,Learn studio lighting and portrait techniques with a professional photographer. Hands-on with studio gear.,published,https://images.unsplash.com/photo-1524178232363-1fb2b075b655?w=800&q=80,0,,,,,,,,,,pcol_selfkart_ticket_conferences-workshops,ptyp_selfkart_ticket_workshops,ticket-conferences-workshops,TRUE,,,VIP Access,PMAS-VIP,,FALSE,TRUE,0,,,,,,,,119,139,10710,510,Tier,VIP Access,https://images.unsplash.com/photo-1524178232363-1fb2b075b655?w=800&q=80,https://images.unsplash.com/photo-1459749411175-04bf5292ceea?w=800&q=80
,wine-tasting-evening,Wine Tasting Evening,Guided Wine Tasting,Sample 12 wines from 4 regions guided by a certified sommelier. Cheese board and tasting notes included.,published,https://images.unsplash.com/photo-1414235077428-338989a02a84?w=800&q=80,0,,,,,,,,,,pcol_selfkart_ticket_arts-experiences,ptyp_selfkart_ticket_food-drink,ticket-arts-experiences,TRUE,,,General Admission,WINE-GA,,FALSE,TRUE,0,,,,,,,,35,42,3150,154,Tier,General Admission,https://images.unsplash.com/photo-1414235077428-338989a02a84?w=800&q=80,https://images.unsplash.com/photo-1565299624946-b28f40a04ae4?w=800&q=80
,wine-tasting-evening,Wine Tasting Evening,Guided Wine Tasting,Sample 12 wines from 4 regions guided by a certified sommelier. Cheese board and tasting notes included.,published,https://images.unsplash.com/photo-1414235077428-338989a02a84?w=800&q=80,0,,,,,,,,,,pcol_selfkart_ticket_arts-experiences,ptyp_selfkart_ticket_food-drink,ticket-arts-experiences,TRUE,,,VIP Access,WINE-VIP,,FALSE,TRUE,0,,,,,,,,79,89,7110,327,Tier,VIP Access,https://images.unsplash.com/photo-1414235077428-338989a02a84?w=800&q=80,https://images.unsplash.com/photo-1565299624946-b28f40a04ae4?w=800&q=80
,craft-beer-festival,Craft Beer Festival,Indie Brewer Showcase,Over 60 craft beers from 20+ independent breweries under one roof. Token-based tasting system.,published,https://images.unsplash.com/photo-1565299624946-b28f40a04ae4?w=800&q=80,0,,,,,,,,,,pcol_selfkart_ticket_live-entertainment,ptyp_selfkart_ticket_music-festivals,ticket-live-entertainment,TRUE,,,General Admission,BEER-GA,,FALSE,TRUE,0,,,,,,,,22,25,1980,92,Tier,General Admission,https://images.unsplash.com/photo-1565299624946-b28f40a04ae4?w=800&q=80,https://images.unsplash.com/photo-1414235077428-338989a02a84?w=800&q=80
,craft-beer-festival,Craft Beer Festival,Indie Brewer Showcase,Over 60 craft beers from 20+ independent breweries under one roof. Token-based tasting system.,published,https://images.unsplash.com/photo-1565299624946-b28f40a04ae4?w=800&q=80,0,,,,,,,,,,pcol_selfkart_ticket_live-entertainment,ptyp_selfkart_ticket_music-festivals,ticket-live-entertainment,TRUE,,,VIP Access,BEER-VIP,,FALSE,TRUE,0,,,,,,,,55,65,4950,239,Tier,VIP Access,https://images.unsplash.com/photo-1565299624946-b28f40a04ae4?w=800&q=80,https://images.unsplash.com/photo-1414235077428-338989a02a84?w=800&q=80
,sushi-making-masterclass,Sushi Making Masterclass,Japanese Culinary Workshop,"Learn to roll nigiri, maki, and temaki with a professional sushi chef. All ingredients and equipment provided.",published,https://images.unsplash.com/photo-1414235077428-338989a02a84?w=800&q=80,0,,,,,,,,,,pcol_selfkart_ticket_conferences-workshops,ptyp_selfkart_ticket_workshops,ticket-conferences-workshops,TRUE,,,General Admission,SUSHI-GA,,FALSE,TRUE,0,,,,,,,,59,69,5310,253,Tier,General Admission,https://images.unsplash.com/photo-1414235077428-338989a02a84?w=800&q=80,https://images.unsplash.com/photo-1565299624946-b28f40a04ae4?w=800&q=80
,sushi-making-masterclass,Sushi Making Masterclass,Japanese Culinary Workshop,"Learn to roll nigiri, maki, and temaki with a professional sushi chef. All ingredients and equipment provided.",published,https://images.unsplash.com/photo-1414235077428-338989a02a84?w=800&q=80,0,,,,,,,,,,pcol_selfkart_ticket_conferences-workshops,ptyp_selfkart_ticket_workshops,ticket-conferences-workshops,TRUE,,,VIP Access,SUSHI-VIP,,FALSE,TRUE,0,,,,,,,,129,149,11610,547,Tier,VIP Access,https://images.unsplash.com/photo-1414235077428-338989a02a84?w=800&q=80,https://images.unsplash.com/photo-1565299624946-b28f40a04ae4?w=800&q=80
,vegan-food-fair,Vegan Food Fair,Plant-Based Food Festival,40+ vendors serving innovative plant-based street food and drinks. Live cooking demos every hour.,published,https://images.unsplash.com/photo-1565299624946-b28f40a04ae4?w=800&q=80,0,,,,,,,,,,pcol_selfkart_ticket_live-entertainment,ptyp_selfkart_ticket_music-festivals,ticket-live-entertainment,TRUE,,,General Admission,VEGAN-GA,,FALSE,TRUE,0,,,,,,,,12,14,1080,51,Tier,General Admission,https://images.unsplash.com/photo-1565299624946-b28f40a04ae4?w=800&q=80,https://images.unsplash.com/photo-1414235077428-338989a02a84?w=800&q=80
,vegan-food-fair,Vegan Food Fair,Plant-Based Food Festival,40+ vendors serving innovative plant-based street food and drinks. Live cooking demos every hour.,published,https://images.unsplash.com/photo-1565299624946-b28f40a04ae4?w=800&q=80,0,,,,,,,,,,pcol_selfkart_ticket_live-entertainment,ptyp_selfkart_ticket_music-festivals,ticket-live-entertainment,TRUE,,,VIP Access,VEGAN-VIP,,FALSE,TRUE,0,,,,,,,,35,42,3150,154,Tier,VIP Access,https://images.unsplash.com/photo-1565299624946-b28f40a04ae4?w=800&q=80,https://images.unsplash.com/photo-1414235077428-338989a02a84?w=800&q=80
,coffee-cupping-session,Coffee Cupping Session,Specialty Coffee Workshop,Explore single-origin coffees from 8 roasters with an expert guide. Tasting journal and brew kit included.,published,https://images.unsplash.com/photo-1414235077428-338989a02a84?w=800&q=80,0,,,,,,,,,,pcol_selfkart_ticket_conferences-workshops,ptyp_selfkart_ticket_workshops,ticket-conferences-workshops,TRUE,,,General Admission,CAFE-GA,,FALSE,TRUE,0,,,,,,,,25,29,2250,106,Tier,General Admission,https://images.unsplash.com/photo-1414235077428-338989a02a84?w=800&q=80,https://images.unsplash.com/photo-1565299624946-b28f40a04ae4?w=800&q=80
,coffee-cupping-session,Coffee Cupping Session,Specialty Coffee Workshop,Explore single-origin coffees from 8 roasters with an expert guide. Tasting journal and brew kit included.,published,https://images.unsplash.com/photo-1414235077428-338989a02a84?w=800&q=80,0,,,,,,,,,,pcol_selfkart_ticket_conferences-workshops,ptyp_selfkart_ticket_workshops,ticket-conferences-workshops,TRUE,,,VIP Access,CAFE-VIP,,FALSE,TRUE,0,,,,,,,,65,75,5850,275,Tier,VIP Access,https://images.unsplash.com/photo-1414235077428-338989a02a84?w=800&q=80,https://images.unsplash.com/photo-1565299624946-b28f40a04ae4?w=800&q=80
,bbq-pitmaster-competition,BBQ Pitmaster Competition,Outdoor Barbecue Championship,"20 teams compete across brisket, ribs, and chicken categories. Spectators eat free from the judging samples.",published,https://images.unsplash.com/photo-1565299624946-b28f40a04ae4?w=800&q=80,0,,,,,,,,,,pcol_selfkart_ticket_events,ptyp_selfkart_ticket_events,ticket-events,TRUE,,,General Admission,BBQ-GA,,FALSE,TRUE,0,,,,,,,,19,22,1710,81,Tier,General Admission,https://images.unsplash.com/photo-1565299624946-b28f40a04ae4?w=800&q=80,https://images.unsplash.com/photo-1414235077428-338989a02a84?w=800&q=80
,bbq-pitmaster-competition,BBQ Pitmaster Competition,Outdoor Barbecue Championship,"20 teams compete across brisket, ribs, and chicken categories. Spectators eat free from the judging samples.",published,https://images.unsplash.com/photo-1565299624946-b28f40a04ae4?w=800&q=80,0,,,,,,,,,,pcol_selfkart_ticket_events,ptyp_selfkart_ticket_events,ticket-events,TRUE,,,VIP Access,BBQ-VIP,,FALSE,TRUE,0,,,,,,,,55,65,4950,239,Tier,VIP Access,https://images.unsplash.com/photo-1565299624946-b28f40a04ae4?w=800&q=80,https://images.unsplash.com/photo-1414235077428-338989a02a84?w=800&q=80
,mixology-workshop,Mixology Workshop,Cocktail Craft Evening,"Shake, stir, and garnish — create 5 classic and signature cocktails with a head bartender. Recipes to keep.",published,https://images.unsplash.com/photo-1414235077428-338989a02a84?w=800&q=80,0,,,,,,,,,,pcol_selfkart_ticket_conferences-workshops,ptyp_selfkart_ticket_workshops,ticket-conferences-workshops,TRUE,,,General Admission,MIX-GA,,FALSE,TRUE,0,,,,,,,,49,59,4410,217,Tier,General Admission,https://images.unsplash.com/photo-1414235077428-338989a02a84?w=800&q=80,https://images.unsplash.com/photo-1565299624946-b28f40a04ae4?w=800&q=80
,mixology-workshop,Mixology Workshop,Cocktail Craft Evening,"Shake, stir, and garnish — create 5 classic and signature cocktails with a head bartender. Recipes to keep.",published,https://images.unsplash.com/photo-1414235077428-338989a02a84?w=800&q=80,0,,,,,,,,,,pcol_selfkart_ticket_conferences-workshops,ptyp_selfkart_ticket_workshops,ticket-conferences-workshops,TRUE,,,VIP Access,MIX-VIP,,FALSE,TRUE,0,,,,,,,,99,119,8910,437,Tier,VIP Access,https://images.unsplash.com/photo-1414235077428-338989a02a84?w=800&q=80,https://images.unsplash.com/photo-1565299624946-b28f40a04ae4?w=800&q=80
,farm-to-table-dinner-series,Farm-to-Table Dinner Series,Seasonal Chef's Table,A 6-course tasting menu sourced entirely from local farms. Natural wine pairings and producer meet-and-greet.,published,https://images.unsplash.com/photo-1565299624946-b28f40a04ae4?w=800&q=80,0,,,,,,,,,,pcol_selfkart_ticket_conferences-workshops,ptyp_selfkart_ticket_food-drink,ticket-conferences-workshops,TRUE,,,General Admission,FARM-GA,,FALSE,TRUE,0,,,,,,,,89,99,8010,363,Tier,General Admission,https://images.unsplash.com/photo-1565299624946-b28f40a04ae4?w=800&q=80,https://images.unsplash.com/photo-1414235077428-338989a02a84?w=800&q=80
,farm-to-table-dinner-series,Farm-to-Table Dinner Series,Seasonal Chef's Table,A 6-course tasting menu sourced entirely from local farms. Natural wine pairings and producer meet-and-greet.,published,https://images.unsplash.com/photo-1565299624946-b28f40a04ae4?w=800&q=80,0,,,,,,,,,,pcol_selfkart_ticket_conferences-workshops,ptyp_selfkart_ticket_food-drink,ticket-conferences-workshops,TRUE,,,VIP Access,FARM-VIP,,FALSE,TRUE,0,,,,,,,,199,229,17910,840,Tier,VIP Access,https://images.unsplash.com/photo-1565299624946-b28f40a04ae4?w=800&q=80,https://images.unsplash.com/photo-1414235077428-338989a02a84?w=800&q=80
,spice-route-food-walk,Spice Route Food Walk,Street Food Discovery Tour,A guided 3-hour food walk sampling dishes from 12 global cuisines. Limited to 20 guests per tour.,published,https://images.unsplash.com/photo-1414235077428-338989a02a84?w=800&q=80,0,,,,,,,,,,pcol_selfkart_ticket_arts-experiences,ptyp_selfkart_ticket_food-drink,ticket-arts-experiences,TRUE,,,General Admission,SPICE-GA,,FALSE,TRUE,0,,,,,,,,29,35,2610,128,Tier,General Admission,https://images.unsplash.com/photo-1414235077428-338989a02a84?w=800&q=80,https://images.unsplash.com/photo-1565299624946-b28f40a04ae4?w=800&q=80
,spice-route-food-walk,Spice Route Food Walk,Street Food Discovery Tour,A guided 3-hour food walk sampling dishes from 12 global cuisines. Limited to 20 guests per tour.,published,https://images.unsplash.com/photo-1414235077428-338989a02a84?w=800&q=80,0,,,,,,,,,,pcol_selfkart_ticket_arts-experiences,ptyp_selfkart_ticket_food-drink,ticket-arts-experiences,TRUE,,,VIP Access,SPICE-VIP,,FALSE,TRUE,0,,,,,,,,59,69,5310,253,Tier,VIP Access,https://images.unsplash.com/photo-1414235077428-338989a02a84?w=800&q=80,https://images.unsplash.com/photo-1565299624946-b28f40a04ae4?w=800&q=80
,bakers-pastry-class,Baker's Dozen Pastry Class,Artisan Baking Workshop,"Master croissants, pain au chocolat, and danish pastry with a professional patissier. Take your bakes home.",published,https://images.unsplash.com/photo-1565299624946-b28f40a04ae4?w=800&q=80,0,,,,,,,,,,pcol_selfkart_ticket_conferences-workshops,ptyp_selfkart_ticket_workshops,ticket-conferences-workshops,TRUE,,,General Admission,BAKE-GA,,FALSE,TRUE,0,,,,,,,,45,55,4050,202,Tier,General Admission,https://images.unsplash.com/photo-1565299624946-b28f40a04ae4?w=800&q=80,https://images.unsplash.com/photo-1414235077428-338989a02a84?w=800&q=80
,bakers-pastry-class,Baker's Dozen Pastry Class,Artisan Baking Workshop,"Master croissants, pain au chocolat, and danish pastry with a professional patissier. Take your bakes home.",published,https://images.unsplash.com/photo-1565299624946-b28f40a04ae4?w=800&q=80,0,,,,,,,,,,pcol_selfkart_ticket_conferences-workshops,ptyp_selfkart_ticket_workshops,ticket-conferences-workshops,TRUE,,,VIP Access,BAKE-VIP,,FALSE,TRUE,0,,,,,,,,99,119,8910,437,Tier,VIP Access,https://images.unsplash.com/photo-1565299624946-b28f40a04ae4?w=800&q=80,https://images.unsplash.com/photo-1414235077428-338989a02a84?w=800&q=80
